--------------------------------------------------------
--  파일이 생성됨 - 금요일-8월-04-2023   
--------------------------------------------------------
--------------------------------------------------------
--  DDL for Table ACADEMIC
--------------------------------------------------------

  CREATE TABLE "SKOTT"."ACADEMIC" 
   (	"ACADEMIC_ID" NUMBER(10,0), 
	"ACADEMIC_NAME" VARCHAR2(20 CHAR)
   ) SEGMENT CREATION DEFERRED 
  PCTFREE 10 PCTUSED 40 INITRANS 1 MAXTRANS 255 
 NOCOMPRESS LOGGING
  TABLESPACE "USERS" ;
--------------------------------------------------------
--  DDL for Table AGE
--------------------------------------------------------

  CREATE TABLE "SKOTT"."AGE" 
   (	"AGE_ID" VARCHAR2(20 BYTE), 
	"AGE_NAME" VARCHAR2(50 BYTE)
   ) SEGMENT CREATION IMMEDIATE 
  PCTFREE 10 PCTUSED 40 INITRANS 1 MAXTRANS 255 
 NOCOMPRESS LOGGING
  STORAGE(INITIAL 65536 NEXT 1048576 MINEXTENTS 1 MAXEXTENTS 2147483645
  PCTINCREASE 0 FREELISTS 1 FREELIST GROUPS 1
  BUFFER_POOL DEFAULT FLASH_CACHE DEFAULT CELL_FLASH_CACHE DEFAULT)
  TABLESPACE "USERS" ;
--------------------------------------------------------
--  DDL for Table ASSESSMENT
--------------------------------------------------------

  CREATE TABLE "SKOTT"."ASSESSMENT" 
   (	"ID" VARCHAR2(20 BYTE), 
	"SEXY" NUMBER DEFAULT 1, 
	"BEAUTIFUL" NUMBER DEFAULT 0, 
	"CUTE" NUMBER DEFAULT 0, 
	"HANDSOME" NUMBER, 
	"WONDERFUL" NUMBER
   ) SEGMENT CREATION DEFERRED 
  PCTFREE 10 PCTUSED 40 INITRANS 1 MAXTRANS 255 
 NOCOMPRESS LOGGING
  TABLESPACE "USERS" ;
--------------------------------------------------------
--  DDL for Table CHAT
--------------------------------------------------------

  CREATE TABLE "SKOTT"."CHAT" 
   (	"CONTENTID" NUMBER(10,0), 
	"CHATID" NUMBER(10,0), 
	"CONVERSATION" VARCHAR2(2000 BYTE), 
	"TEXTTYPE" NUMBER DEFAULT 0, 
	"CREATED_TIME" TIMESTAMP (6), 
	"NICKNAME" VARCHAR2(20 CHAR)
   ) SEGMENT CREATION DEFERRED 
  PCTFREE 10 PCTUSED 40 INITRANS 1 MAXTRANS 255 
 NOCOMPRESS LOGGING
  TABLESPACE "USERS" ;
--------------------------------------------------------
--  DDL for Table CHATROOM
--------------------------------------------------------

  CREATE TABLE "SKOTT"."CHATROOM" 
   (	"CONTENTID" NUMBER(10,0), 
	"MALEID" VARCHAR2(20 BYTE), 
	"FEMALEID" VARCHAR2(20 BYTE), 
	"CREATED_TIME" TIMESTAMP (6) DEFAULT systimestamp
   ) SEGMENT CREATION DEFERRED 
  PCTFREE 10 PCTUSED 40 INITRANS 1 MAXTRANS 255 
 NOCOMPRESS LOGGING
  TABLESPACE "USERS" ;
--------------------------------------------------------
--  DDL for Table HEIGHT
--------------------------------------------------------

  CREATE TABLE "SKOTT"."HEIGHT" 
   (	"HEIGHT_ID" VARCHAR2(20 BYTE), 
	"HEIGHT_NAME" VARCHAR2(50 BYTE)
   ) SEGMENT CREATION IMMEDIATE 
  PCTFREE 10 PCTUSED 40 INITRANS 1 MAXTRANS 255 
 NOCOMPRESS LOGGING
  STORAGE(INITIAL 65536 NEXT 1048576 MINEXTENTS 1 MAXEXTENTS 2147483645
  PCTINCREASE 0 FREELISTS 1 FREELIST GROUPS 1
  BUFFER_POOL DEFAULT FLASH_CACHE DEFAULT CELL_FLASH_CACHE DEFAULT)
  TABLESPACE "USERS" ;
--------------------------------------------------------
--  DDL for Table HOBBY
--------------------------------------------------------

  CREATE TABLE "SKOTT"."HOBBY" 
   (	"HOBBY_ID" NUMBER(10,0), 
	"CONTENT" VARCHAR2(20 CHAR), 
	"HOBBY_NAME" VARCHAR2(20 CHAR)
   ) SEGMENT CREATION DEFERRED 
  PCTFREE 10 PCTUSED 40 INITRANS 1 MAXTRANS 255 
 NOCOMPRESS LOGGING
  TABLESPACE "USERS" ;
--------------------------------------------------------
--  DDL for Table HOBBYPICTURE
--------------------------------------------------------

  CREATE TABLE "SKOTT"."HOBBYPICTURE" 
   (	"ID" VARCHAR2(20 BYTE), 
	"HOBBY_PIC1" VARCHAR2(3000 BYTE), 
	"HOBBY_PIC2" VARCHAR2(3000 BYTE), 
	"HOBBY_PIC3" VARCHAR2(3000 BYTE)
   ) SEGMENT CREATION DEFERRED 
  PCTFREE 10 PCTUSED 40 INITRANS 1 MAXTRANS 255 
 NOCOMPRESS LOGGING
  TABLESPACE "USERS" ;
--------------------------------------------------------
--  DDL for Table INCOME
--------------------------------------------------------

  CREATE TABLE "SKOTT"."INCOME" 
   (	"INCOME_ID" NUMBER(10,0), 
	"INCOME" VARCHAR2(20 CHAR)
   ) SEGMENT CREATION DEFERRED 
  PCTFREE 10 PCTUSED 40 INITRANS 1 MAXTRANS 255 
 NOCOMPRESS LOGGING
  TABLESPACE "USERS" ;
--------------------------------------------------------
--  DDL for Table JOB
--------------------------------------------------------

  CREATE TABLE "SKOTT"."JOB" 
   (	"JOB_ID" NUMBER(10,0), 
	"JOB_NAME" VARCHAR2(20 CHAR)
   ) SEGMENT CREATION DEFERRED 
  PCTFREE 10 PCTUSED 40 INITRANS 1 MAXTRANS 255 
 NOCOMPRESS LOGGING
  TABLESPACE "USERS" ;
--------------------------------------------------------
--  DDL for Table LIKES
--------------------------------------------------------

  CREATE TABLE "SKOTT"."LIKES" 
   (	"SENDER" VARCHAR2(20 BYTE), 
	"ID" NUMBER(10,0), 
	"RECIPIENT" VARCHAR2(20 BYTE), 
	"WHETHER" NUMBER
   ) SEGMENT CREATION DEFERRED 
  PCTFREE 10 PCTUSED 40 INITRANS 1 MAXTRANS 255 
 NOCOMPRESS LOGGING
  TABLESPACE "USERS" ;
--------------------------------------------------------
--  DDL for Table PICTURE
--------------------------------------------------------

  CREATE TABLE "SKOTT"."PICTURE" 
   (	"ID" VARCHAR2(20 BYTE), 
	"PIC1" VARCHAR2(3000 BYTE), 
	"PIC2" VARCHAR2(3000 BYTE), 
	"PIC3" VARCHAR2(3000 BYTE)
   ) SEGMENT CREATION IMMEDIATE 
  PCTFREE 10 PCTUSED 40 INITRANS 1 MAXTRANS 255 
 NOCOMPRESS LOGGING
  STORAGE(INITIAL 65536 NEXT 1048576 MINEXTENTS 1 MAXEXTENTS 2147483645
  PCTINCREASE 0 FREELISTS 1 FREELIST GROUPS 1
  BUFFER_POOL DEFAULT FLASH_CACHE DEFAULT CELL_FLASH_CACHE DEFAULT)
  TABLESPACE "USERS" ;
--------------------------------------------------------
--  DDL for Table PROFILE
--------------------------------------------------------

  CREATE TABLE "SKOTT"."PROFILE" 
   (	"USER_ID" VARCHAR2(20 BYTE), 
	"USER_AGE" NUMBER, 
	"USER_PERSONALITY" VARCHAR2(20 BYTE), 
	"USER_DRINKS" VARCHAR2(20 BYTE), 
	"USER_SMOKER" VARCHAR2(20 BYTE), 
	"USER_HEIGHT" VARCHAR2(20 BYTE), 
	"USER_ACADEMIC" NUMBER(10,0), 
	"USER_INCOME" NUMBER(10,0), 
	"USER_JOB" NUMBER(10,0), 
	"USER_RELIGION" NUMBER(10,0)
   ) SEGMENT CREATION DEFERRED 
  PCTFREE 10 PCTUSED 40 INITRANS 1 MAXTRANS 255 
 NOCOMPRESS LOGGING
  TABLESPACE "USERS" ;
--------------------------------------------------------
--  DDL for Table QUESTION
--------------------------------------------------------

  CREATE TABLE "SKOTT"."QUESTION" 
   (	"ID" NUMBER(10,0), 
	"USERID" VARCHAR2(40 CHAR), 
	"USERNICKNAME" VARCHAR2(20 CHAR), 
	"USEREMAIL" VARCHAR2(100 CHAR), 
	"QUESTIONOPTION" NUMBER(1,0), 
	"QUESTIONCONTENT" VARCHAR2(500 BYTE), 
	"CREATED_TIME" TIMESTAMP (6) DEFAULT systimestamp, 
	"MODIFIED_TIME" TIMESTAMP (6) DEFAULT systimestamp, 
	"STATUS" NUMBER(1,0) DEFAULT 0
   ) SEGMENT CREATION IMMEDIATE 
  PCTFREE 10 PCTUSED 40 INITRANS 1 MAXTRANS 255 
 NOCOMPRESS LOGGING
  STORAGE(INITIAL 65536 NEXT 1048576 MINEXTENTS 1 MAXEXTENTS 2147483645
  PCTINCREASE 0 FREELISTS 1 FREELIST GROUPS 1
  BUFFER_POOL DEFAULT FLASH_CACHE DEFAULT CELL_FLASH_CACHE DEFAULT)
  TABLESPACE "USERS" ;
--------------------------------------------------------
--  DDL for Table RELIGION
--------------------------------------------------------

  CREATE TABLE "SKOTT"."RELIGION" 
   (	"RELIGION_ID" NUMBER(10,0), 
	"RELIGION_NAME" VARCHAR2(20 CHAR)
   ) SEGMENT CREATION DEFERRED 
  PCTFREE 10 PCTUSED 40 INITRANS 1 MAXTRANS 255 
 NOCOMPRESS LOGGING
  TABLESPACE "USERS" ;
--------------------------------------------------------
--  DDL for Table SPEAKCHAT
--------------------------------------------------------

  CREATE TABLE "SKOTT"."SPEAKCHAT" 
   (	"ID" NUMBER(10,0), 
	"CHATFILE" VARCHAR2(2000 CHAR), 
	"CREATED_TIME" TIMESTAMP (6) DEFAULT systimestamp, 
	"REPORT" NUMBER(10,0), 
	"ROOMID" NUMBER(10,0), 
	"REPORTER" VARCHAR2(40 BYTE), 
	"RESPONDENT" VARCHAR2(40 BYTE)
   ) SEGMENT CREATION IMMEDIATE 
  PCTFREE 10 PCTUSED 40 INITRANS 1 MAXTRANS 255 
 NOCOMPRESS LOGGING
  STORAGE(INITIAL 65536 NEXT 1048576 MINEXTENTS 1 MAXEXTENTS 2147483645
  PCTINCREASE 0 FREELISTS 1 FREELIST GROUPS 1
  BUFFER_POOL DEFAULT FLASH_CACHE DEFAULT CELL_FLASH_CACHE DEFAULT)
  TABLESPACE "USERS" ;
--------------------------------------------------------
--  DDL for Table SPEAKROOM
--------------------------------------------------------

  CREATE TABLE "SKOTT"."SPEAKROOM" 
   (	"ROOMID" NUMBER(10,0), 
	"SPEAKMEMBER1" VARCHAR2(20 BYTE), 
	"SPEAKMEMBER2" VARCHAR2(20 BYTE), 
	"CREATED_TIME" TIMESTAMP (6) DEFAULT systimestamp
   ) SEGMENT CREATION IMMEDIATE 
  PCTFREE 10 PCTUSED 40 INITRANS 1 MAXTRANS 255 
 NOCOMPRESS LOGGING
  STORAGE(INITIAL 65536 NEXT 1048576 MINEXTENTS 1 MAXEXTENTS 2147483645
  PCTINCREASE 0 FREELISTS 1 FREELIST GROUPS 1
  BUFFER_POOL DEFAULT FLASH_CACHE DEFAULT CELL_FLASH_CACHE DEFAULT)
  TABLESPACE "USERS" ;
--------------------------------------------------------
--  DDL for Table USER_ASSESSMENT
--------------------------------------------------------

  CREATE TABLE "SKOTT"."USER_ASSESSMENT" 
   (	"ID" NUMBER(*,0) DEFAULT 0, 
	"SENDER" VARCHAR2(40 BYTE), 
	"GETTER" VARCHAR2(40 BYTE)
   ) SEGMENT CREATION DEFERRED 
  PCTFREE 10 PCTUSED 40 INITRANS 1 MAXTRANS 255 
 NOCOMPRESS LOGGING
  TABLESPACE "USERS" ;
--------------------------------------------------------
--  DDL for Table USER_HOBBY
--------------------------------------------------------

  CREATE TABLE "SKOTT"."USER_HOBBY" 
   (	"USERID" VARCHAR2(20 BYTE), 
	"HOBBY_ID" NUMBER(10,0), 
	"ID" NUMBER(10,0)
   ) SEGMENT CREATION DEFERRED 
  PCTFREE 10 PCTUSED 40 INITRANS 1 MAXTRANS 255 
 NOCOMPRESS LOGGING
  TABLESPACE "USERS" ;
--------------------------------------------------------
--  DDL for Table USERINFO
--------------------------------------------------------

  CREATE TABLE "SKOTT"."USERINFO" 
   (	"ID" VARCHAR2(40 BYTE), 
	"NAME" VARCHAR2(20 BYTE), 
	"PASSWORD" VARCHAR2(100 BYTE), 
	"EMAIL" VARCHAR2(50 CHAR), 
	"SEX" NUMBER, 
	"ROLE" NUMBER, 
	"PHONE" VARCHAR2(40 BYTE), 
	"NICKNAME" VARCHAR2(20 BYTE), 
	"ADDRESS" VARCHAR2(100 CHAR), 
	"BIRTHDAY" DATE DEFAULT systimestamp, 
	"CREATED_TIME" TIMESTAMP (6) DEFAULT systimestamp, 
	"MODIFIED_TIME" TIMESTAMP (6) DEFAULT systimestamp
   ) SEGMENT CREATION IMMEDIATE 
  PCTFREE 10 PCTUSED 40 INITRANS 1 MAXTRANS 255 
 NOCOMPRESS LOGGING
  STORAGE(INITIAL 65536 NEXT 1048576 MINEXTENTS 1 MAXEXTENTS 2147483645
  PCTINCREASE 0 FREELISTS 1 FREELIST GROUPS 1
  BUFFER_POOL DEFAULT FLASH_CACHE DEFAULT CELL_FLASH_CACHE DEFAULT)
  TABLESPACE "USERS" ;
REM INSERTING into SKOTT.ACADEMIC
SET DEFINE OFF;
REM INSERTING into SKOTT.AGE
SET DEFINE OFF;
Insert into SKOTT.AGE (AGE_ID,AGE_NAME) values ('1','20살');
Insert into SKOTT.AGE (AGE_ID,AGE_NAME) values ('2','21살');
Insert into SKOTT.AGE (AGE_ID,AGE_NAME) values ('3','22살');
Insert into SKOTT.AGE (AGE_ID,AGE_NAME) values ('4','23살');
Insert into SKOTT.AGE (AGE_ID,AGE_NAME) values ('5','24살');
Insert into SKOTT.AGE (AGE_ID,AGE_NAME) values ('6','25살');
Insert into SKOTT.AGE (AGE_ID,AGE_NAME) values ('7','26살');
Insert into SKOTT.AGE (AGE_ID,AGE_NAME) values ('8','27살');
Insert into SKOTT.AGE (AGE_ID,AGE_NAME) values ('9','28살');
Insert into SKOTT.AGE (AGE_ID,AGE_NAME) values ('10','29살');
Insert into SKOTT.AGE (AGE_ID,AGE_NAME) values ('11','30살');
Insert into SKOTT.AGE (AGE_ID,AGE_NAME) values ('12','31살');
Insert into SKOTT.AGE (AGE_ID,AGE_NAME) values ('13','32살');
Insert into SKOTT.AGE (AGE_ID,AGE_NAME) values ('14','33살');
Insert into SKOTT.AGE (AGE_ID,AGE_NAME) values ('15','34살');
Insert into SKOTT.AGE (AGE_ID,AGE_NAME) values ('16','35살');
Insert into SKOTT.AGE (AGE_ID,AGE_NAME) values ('17','36살');
Insert into SKOTT.AGE (AGE_ID,AGE_NAME) values ('18','37살');
Insert into SKOTT.AGE (AGE_ID,AGE_NAME) values ('19','38살');
Insert into SKOTT.AGE (AGE_ID,AGE_NAME) values ('20','39살');
Insert into SKOTT.AGE (AGE_ID,AGE_NAME) values ('21','40살');
Insert into SKOTT.AGE (AGE_ID,AGE_NAME) values ('22','41살');
Insert into SKOTT.AGE (AGE_ID,AGE_NAME) values ('23','42살');
Insert into SKOTT.AGE (AGE_ID,AGE_NAME) values ('24','43살');
Insert into SKOTT.AGE (AGE_ID,AGE_NAME) values ('25','44살');
Insert into SKOTT.AGE (AGE_ID,AGE_NAME) values ('26','45살');
Insert into SKOTT.AGE (AGE_ID,AGE_NAME) values ('27','46살');
Insert into SKOTT.AGE (AGE_ID,AGE_NAME) values ('28','47살');
Insert into SKOTT.AGE (AGE_ID,AGE_NAME) values ('29','48살');
Insert into SKOTT.AGE (AGE_ID,AGE_NAME) values ('30','49살');
Insert into SKOTT.AGE (AGE_ID,AGE_NAME) values ('31','50살');
REM INSERTING into SKOTT.ASSESSMENT
SET DEFINE OFF;
REM INSERTING into SKOTT.CHAT
SET DEFINE OFF;
REM INSERTING into SKOTT.CHATROOM
SET DEFINE OFF;
REM INSERTING into SKOTT.HEIGHT
SET DEFINE OFF;
Insert into SKOTT.HEIGHT (HEIGHT_ID,HEIGHT_NAME) values ('1','120cm이하');
Insert into SKOTT.HEIGHT (HEIGHT_ID,HEIGHT_NAME) values ('2','121cm');
Insert into SKOTT.HEIGHT (HEIGHT_ID,HEIGHT_NAME) values ('3','122cm');
Insert into SKOTT.HEIGHT (HEIGHT_ID,HEIGHT_NAME) values ('4','123cm');
Insert into SKOTT.HEIGHT (HEIGHT_ID,HEIGHT_NAME) values ('5','124cm');
Insert into SKOTT.HEIGHT (HEIGHT_ID,HEIGHT_NAME) values ('6','125cm');
Insert into SKOTT.HEIGHT (HEIGHT_ID,HEIGHT_NAME) values ('7','126cm');
Insert into SKOTT.HEIGHT (HEIGHT_ID,HEIGHT_NAME) values ('8','127cm');
Insert into SKOTT.HEIGHT (HEIGHT_ID,HEIGHT_NAME) values ('9','128cm');
Insert into SKOTT.HEIGHT (HEIGHT_ID,HEIGHT_NAME) values ('10','129cm');
Insert into SKOTT.HEIGHT (HEIGHT_ID,HEIGHT_NAME) values ('11','130cm');
Insert into SKOTT.HEIGHT (HEIGHT_ID,HEIGHT_NAME) values ('12','131cm');
Insert into SKOTT.HEIGHT (HEIGHT_ID,HEIGHT_NAME) values ('13','132cm');
Insert into SKOTT.HEIGHT (HEIGHT_ID,HEIGHT_NAME) values ('14','133cm');
Insert into SKOTT.HEIGHT (HEIGHT_ID,HEIGHT_NAME) values ('15','134cm');
Insert into SKOTT.HEIGHT (HEIGHT_ID,HEIGHT_NAME) values ('16','135cm');
Insert into SKOTT.HEIGHT (HEIGHT_ID,HEIGHT_NAME) values ('17','136cm');
Insert into SKOTT.HEIGHT (HEIGHT_ID,HEIGHT_NAME) values ('18','137cm');
Insert into SKOTT.HEIGHT (HEIGHT_ID,HEIGHT_NAME) values ('19','138cm');
Insert into SKOTT.HEIGHT (HEIGHT_ID,HEIGHT_NAME) values ('20','139cm');
Insert into SKOTT.HEIGHT (HEIGHT_ID,HEIGHT_NAME) values ('21','140cm');
Insert into SKOTT.HEIGHT (HEIGHT_ID,HEIGHT_NAME) values ('22','141cm');
Insert into SKOTT.HEIGHT (HEIGHT_ID,HEIGHT_NAME) values ('23','142cm');
Insert into SKOTT.HEIGHT (HEIGHT_ID,HEIGHT_NAME) values ('24','143cm');
Insert into SKOTT.HEIGHT (HEIGHT_ID,HEIGHT_NAME) values ('25','144cm');
Insert into SKOTT.HEIGHT (HEIGHT_ID,HEIGHT_NAME) values ('26','145cm');
Insert into SKOTT.HEIGHT (HEIGHT_ID,HEIGHT_NAME) values ('27','146cm');
Insert into SKOTT.HEIGHT (HEIGHT_ID,HEIGHT_NAME) values ('28','147cm');
Insert into SKOTT.HEIGHT (HEIGHT_ID,HEIGHT_NAME) values ('29','148cm');
Insert into SKOTT.HEIGHT (HEIGHT_ID,HEIGHT_NAME) values ('30','149cm');
Insert into SKOTT.HEIGHT (HEIGHT_ID,HEIGHT_NAME) values ('31','150cm');
Insert into SKOTT.HEIGHT (HEIGHT_ID,HEIGHT_NAME) values ('32','151cm');
Insert into SKOTT.HEIGHT (HEIGHT_ID,HEIGHT_NAME) values ('33','152cm');
Insert into SKOTT.HEIGHT (HEIGHT_ID,HEIGHT_NAME) values ('34','153cm');
Insert into SKOTT.HEIGHT (HEIGHT_ID,HEIGHT_NAME) values ('35','154cm');
Insert into SKOTT.HEIGHT (HEIGHT_ID,HEIGHT_NAME) values ('36','155cm');
Insert into SKOTT.HEIGHT (HEIGHT_ID,HEIGHT_NAME) values ('37','156cm');
Insert into SKOTT.HEIGHT (HEIGHT_ID,HEIGHT_NAME) values ('38','157cm');
Insert into SKOTT.HEIGHT (HEIGHT_ID,HEIGHT_NAME) values ('39','158cm');
Insert into SKOTT.HEIGHT (HEIGHT_ID,HEIGHT_NAME) values ('40','159cm');
Insert into SKOTT.HEIGHT (HEIGHT_ID,HEIGHT_NAME) values ('41','160cm');
Insert into SKOTT.HEIGHT (HEIGHT_ID,HEIGHT_NAME) values ('42','161cm');
Insert into SKOTT.HEIGHT (HEIGHT_ID,HEIGHT_NAME) values ('43','162cm');
Insert into SKOTT.HEIGHT (HEIGHT_ID,HEIGHT_NAME) values ('44','163cm');
Insert into SKOTT.HEIGHT (HEIGHT_ID,HEIGHT_NAME) values ('45','164cm');
Insert into SKOTT.HEIGHT (HEIGHT_ID,HEIGHT_NAME) values ('46','165cm');
Insert into SKOTT.HEIGHT (HEIGHT_ID,HEIGHT_NAME) values ('47','166cm');
Insert into SKOTT.HEIGHT (HEIGHT_ID,HEIGHT_NAME) values ('48','167cm');
Insert into SKOTT.HEIGHT (HEIGHT_ID,HEIGHT_NAME) values ('49','168cm');
Insert into SKOTT.HEIGHT (HEIGHT_ID,HEIGHT_NAME) values ('50','169cm');
Insert into SKOTT.HEIGHT (HEIGHT_ID,HEIGHT_NAME) values ('51','170cm');
Insert into SKOTT.HEIGHT (HEIGHT_ID,HEIGHT_NAME) values ('52','171cm');
Insert into SKOTT.HEIGHT (HEIGHT_ID,HEIGHT_NAME) values ('53','172cm');
Insert into SKOTT.HEIGHT (HEIGHT_ID,HEIGHT_NAME) values ('54','173cm');
Insert into SKOTT.HEIGHT (HEIGHT_ID,HEIGHT_NAME) values ('55','174cm');
Insert into SKOTT.HEIGHT (HEIGHT_ID,HEIGHT_NAME) values ('56','175cm');
Insert into SKOTT.HEIGHT (HEIGHT_ID,HEIGHT_NAME) values ('57','176cm');
Insert into SKOTT.HEIGHT (HEIGHT_ID,HEIGHT_NAME) values ('58','177cm');
Insert into SKOTT.HEIGHT (HEIGHT_ID,HEIGHT_NAME) values ('59','178cm');
Insert into SKOTT.HEIGHT (HEIGHT_ID,HEIGHT_NAME) values ('60','179cm');
Insert into SKOTT.HEIGHT (HEIGHT_ID,HEIGHT_NAME) values ('61','180cm');
Insert into SKOTT.HEIGHT (HEIGHT_ID,HEIGHT_NAME) values ('62','181cm');
Insert into SKOTT.HEIGHT (HEIGHT_ID,HEIGHT_NAME) values ('63','182cm');
Insert into SKOTT.HEIGHT (HEIGHT_ID,HEIGHT_NAME) values ('64','183cm');
Insert into SKOTT.HEIGHT (HEIGHT_ID,HEIGHT_NAME) values ('65','184cm');
Insert into SKOTT.HEIGHT (HEIGHT_ID,HEIGHT_NAME) values ('66','185cm');
Insert into SKOTT.HEIGHT (HEIGHT_ID,HEIGHT_NAME) values ('67','186cm');
Insert into SKOTT.HEIGHT (HEIGHT_ID,HEIGHT_NAME) values ('68','187cm');
Insert into SKOTT.HEIGHT (HEIGHT_ID,HEIGHT_NAME) values ('69','188cm');
Insert into SKOTT.HEIGHT (HEIGHT_ID,HEIGHT_NAME) values ('70','189cm');
Insert into SKOTT.HEIGHT (HEIGHT_ID,HEIGHT_NAME) values ('71','190cm');
Insert into SKOTT.HEIGHT (HEIGHT_ID,HEIGHT_NAME) values ('72','191cm');
Insert into SKOTT.HEIGHT (HEIGHT_ID,HEIGHT_NAME) values ('73','192cm');
Insert into SKOTT.HEIGHT (HEIGHT_ID,HEIGHT_NAME) values ('74','193cm');
Insert into SKOTT.HEIGHT (HEIGHT_ID,HEIGHT_NAME) values ('75','194cm');
Insert into SKOTT.HEIGHT (HEIGHT_ID,HEIGHT_NAME) values ('76','195cm');
Insert into SKOTT.HEIGHT (HEIGHT_ID,HEIGHT_NAME) values ('77','196cm');
Insert into SKOTT.HEIGHT (HEIGHT_ID,HEIGHT_NAME) values ('78','197cm');
Insert into SKOTT.HEIGHT (HEIGHT_ID,HEIGHT_NAME) values ('79','198cm');
Insert into SKOTT.HEIGHT (HEIGHT_ID,HEIGHT_NAME) values ('80','199cm');
Insert into SKOTT.HEIGHT (HEIGHT_ID,HEIGHT_NAME) values ('81','200cm이상');
REM INSERTING into SKOTT.HOBBY
SET DEFINE OFF;
REM INSERTING into SKOTT.HOBBYPICTURE
SET DEFINE OFF;
REM INSERTING into SKOTT.INCOME
SET DEFINE OFF;
REM INSERTING into SKOTT.JOB
SET DEFINE OFF;
REM INSERTING into SKOTT.LIKES
SET DEFINE OFF;
REM INSERTING into SKOTT.PICTURE
SET DEFINE OFF;
REM INSERTING into SKOTT.PROFILE
SET DEFINE OFF;
REM INSERTING into SKOTT.QUESTION
SET DEFINE OFF;
Insert into SKOTT.QUESTION (ID,USERID,USERNICKNAME,USEREMAIL,QUESTIONOPTION,QUESTIONCONTENT,CREATED_TIME,MODIFIED_TIME,STATUS) values (1,'희영','강남멋쟁이','ee',1,'rrrrssss',to_timestamp('23/08/03 12:27:50.855261000','RR/MM/DD HH24:MI:SSXFF'),to_timestamp('23/08/03 13:21:00.324276000','RR/MM/DD HH24:MI:SSXFF'),0);
Insert into SKOTT.QUESTION (ID,USERID,USERNICKNAME,USEREMAIL,QUESTIONOPTION,QUESTIONCONTENT,CREATED_TIME,MODIFIED_TIME,STATUS) values (2,'희영','강남멋쟁이','ee',1,'내 이름은 고난, 시련이죠 집에가 고싶다 시부레',to_timestamp('23/08/03 12:28:21.128804000','RR/MM/DD HH24:MI:SSXFF'),to_timestamp('23/08/04 17:01:49.380902000','RR/MM/DD HH24:MI:SSXFF'),0);
Insert into SKOTT.QUESTION (ID,USERID,USERNICKNAME,USEREMAIL,QUESTIONOPTION,QUESTIONCONTENT,CREATED_TIME,MODIFIED_TIME,STATUS) values (3,'희영','강남멋쟁이','ee',4,'문의사항을 몇 줄까지 작성하면 안보이게 될지 궁금합니다. 얼마나 서야 할까요222 ㅋㅋ',null,to_timestamp('23/08/04 17:01:09.213872000','RR/MM/DD HH24:MI:SSXFF'),0);
Insert into SKOTT.QUESTION (ID,USERID,USERNICKNAME,USEREMAIL,QUESTIONOPTION,QUESTIONCONTENT,CREATED_TIME,MODIFIED_TIME,STATUS) values (4,'희영','강남멋쟁이','ee',1,'dddd',to_timestamp('23/08/04 17:00:59.834036000','RR/MM/DD HH24:MI:SSXFF'),to_timestamp('23/08/04 17:00:59.834036000','RR/MM/DD HH24:MI:SSXFF'),0);
REM INSERTING into SKOTT.RELIGION
SET DEFINE OFF;
REM INSERTING into SKOTT.SPEAKCHAT
SET DEFINE OFF;
Insert into SKOTT.SPEAKCHAT (ID,CHATFILE,CREATED_TIME,REPORT,ROOMID,REPORTER,RESPONDENT) values (13,null,to_timestamp('23/08/04 14:21:30.748848000','RR/MM/DD HH24:MI:SSXFF'),1,5,'희영','영구');
Insert into SKOTT.SPEAKCHAT (ID,CHATFILE,CREATED_TIME,REPORT,ROOMID,REPORTER,RESPONDENT) values (17,null,to_timestamp('23/08/04 17:16:36.191787000','RR/MM/DD HH24:MI:SSXFF'),1,15,'희영','영구');
Insert into SKOTT.SPEAKCHAT (ID,CHATFILE,CREATED_TIME,REPORT,ROOMID,REPORTER,RESPONDENT) values (15,null,to_timestamp('23/08/04 15:39:45.313519000','RR/MM/DD HH24:MI:SSXFF'),1,7,'희영','영구');
Insert into SKOTT.SPEAKCHAT (ID,CHATFILE,CREATED_TIME,REPORT,ROOMID,REPORTER,RESPONDENT) values (16,null,to_timestamp('23/08/04 15:42:44.460400000','RR/MM/DD HH24:MI:SSXFF'),1,8,'희영','영구');
Insert into SKOTT.SPEAKCHAT (ID,CHATFILE,CREATED_TIME,REPORT,ROOMID,REPORTER,RESPONDENT) values (14,null,to_timestamp('23/08/04 15:32:27.068675000','RR/MM/DD HH24:MI:SSXFF'),1,6,'희영','영구');
REM INSERTING into SKOTT.SPEAKROOM
SET DEFINE OFF;
Insert into SKOTT.SPEAKROOM (ROOMID,SPEAKMEMBER1,SPEAKMEMBER2,CREATED_TIME) values (4,'희영','영수',to_timestamp('23/08/03 18:26:42.574241000','RR/MM/DD HH24:MI:SSXFF'));
Insert into SKOTT.SPEAKROOM (ROOMID,SPEAKMEMBER1,SPEAKMEMBER2,CREATED_TIME) values (6,'영수','희영',to_timestamp('23/08/03 18:30:21.193363000','RR/MM/DD HH24:MI:SSXFF'));
Insert into SKOTT.SPEAKROOM (ROOMID,SPEAKMEMBER1,SPEAKMEMBER2,CREATED_TIME) values (9,'희영','영수',to_timestamp('23/08/03 18:32:53.009245000','RR/MM/DD HH24:MI:SSXFF'));
Insert into SKOTT.SPEAKROOM (ROOMID,SPEAKMEMBER1,SPEAKMEMBER2,CREATED_TIME) values (11,'희영','영수',to_timestamp('23/08/03 18:35:38.517236000','RR/MM/DD HH24:MI:SSXFF'));
Insert into SKOTT.SPEAKROOM (ROOMID,SPEAKMEMBER1,SPEAKMEMBER2,CREATED_TIME) values (130,'희영','영수',to_timestamp('23/08/03 18:37:24.054854000','RR/MM/DD HH24:MI:SSXFF'));
Insert into SKOTT.SPEAKROOM (ROOMID,SPEAKMEMBER1,SPEAKMEMBER2,CREATED_TIME) values (2,'희영','영수',to_timestamp('23/08/03 15:10:41.571084000','RR/MM/DD HH24:MI:SSXFF'));
Insert into SKOTT.SPEAKROOM (ROOMID,SPEAKMEMBER1,SPEAKMEMBER2,CREATED_TIME) values (5,'희영','영수',to_timestamp('23/08/03 18:25:23.514785000','RR/MM/DD HH24:MI:SSXFF'));
Insert into SKOTT.SPEAKROOM (ROOMID,SPEAKMEMBER1,SPEAKMEMBER2,CREATED_TIME) values (7,'희영','영수',to_timestamp('23/08/04 15:39:00.807587000','RR/MM/DD HH24:MI:SSXFF'));
Insert into SKOTT.SPEAKROOM (ROOMID,SPEAKMEMBER1,SPEAKMEMBER2,CREATED_TIME) values (8,'희영','영수',to_timestamp('23/08/04 15:41:21.625401000','RR/MM/DD HH24:MI:SSXFF'));
Insert into SKOTT.SPEAKROOM (ROOMID,SPEAKMEMBER1,SPEAKMEMBER2,CREATED_TIME) values (12,'희영','영수',to_timestamp('23/08/04 17:08:57.232726000','RR/MM/DD HH24:MI:SSXFF'));
Insert into SKOTT.SPEAKROOM (ROOMID,SPEAKMEMBER1,SPEAKMEMBER2,CREATED_TIME) values (10,'희영','영수',to_timestamp('23/08/04 17:09:59.949655000','RR/MM/DD HH24:MI:SSXFF'));
Insert into SKOTT.SPEAKROOM (ROOMID,SPEAKMEMBER1,SPEAKMEMBER2,CREATED_TIME) values (13,'희영','영수',to_timestamp('23/08/04 17:11:44.465064000','RR/MM/DD HH24:MI:SSXFF'));
Insert into SKOTT.SPEAKROOM (ROOMID,SPEAKMEMBER1,SPEAKMEMBER2,CREATED_TIME) values (15,'희영','영수',to_timestamp('23/08/04 17:15:29.891064000','RR/MM/DD HH24:MI:SSXFF'));
REM INSERTING into SKOTT.USER_ASSESSMENT
SET DEFINE OFF;
REM INSERTING into SKOTT.USER_HOBBY
SET DEFINE OFF;
REM INSERTING into SKOTT.USERINFO
SET DEFINE OFF;
Insert into SKOTT.USERINFO (ID,NAME,PASSWORD,EMAIL,SEX,ROLE,PHONE,NICKNAME,ADDRESS,BIRTHDAY,CREATED_TIME,MODIFIED_TIME) values ('영수','영구','123455555','ee',1,1,'010-1234-5678','강남멋쟁이','2',to_date('2023/08/02 11:43:41','YYYY/MM/DD HH24:MI:SS'),to_timestamp('23/08/02 11:43:51.236164000','RR/MM/DD HH24:MI:SSXFF'),to_timestamp('23/08/02 11:43:53.300039000','RR/MM/DD HH24:MI:SSXFF'));
Insert into SKOTT.USERINFO (ID,NAME,PASSWORD,EMAIL,SEX,ROLE,PHONE,NICKNAME,ADDRESS,BIRTHDAY,CREATED_TIME,MODIFIED_TIME) values ('희영','희영','123455555','ee',2,1,'010-1234-5678','강남멋쟁이','2',to_date('2023/08/02 11:43:41','YYYY/MM/DD HH24:MI:SS'),to_timestamp('23/08/02 11:43:51.236164000','RR/MM/DD HH24:MI:SSXFF'),to_timestamp('23/08/02 11:43:53.300039000','RR/MM/DD HH24:MI:SSXFF'));
--------------------------------------------------------
--  DDL for Index ACADEMIC_PK
--------------------------------------------------------

  CREATE UNIQUE INDEX "SKOTT"."ACADEMIC_PK" ON "SKOTT"."ACADEMIC" ("ACADEMIC_ID") 
  PCTFREE 10 INITRANS 2 MAXTRANS 255 COMPUTE STATISTICS 
  TABLESPACE "USERS" ;
--------------------------------------------------------
--  DDL for Index AGE_PK
--------------------------------------------------------

  CREATE UNIQUE INDEX "SKOTT"."AGE_PK" ON "SKOTT"."AGE" ("AGE_ID") 
  PCTFREE 10 INITRANS 2 MAXTRANS 255 COMPUTE STATISTICS 
  STORAGE(INITIAL 65536 NEXT 1048576 MINEXTENTS 1 MAXEXTENTS 2147483645
  PCTINCREASE 0 FREELISTS 1 FREELIST GROUPS 1
  BUFFER_POOL DEFAULT FLASH_CACHE DEFAULT CELL_FLASH_CACHE DEFAULT)
  TABLESPACE "USERS" ;
--------------------------------------------------------
--  DDL for Index ASSESSMENT_PK
--------------------------------------------------------

  CREATE UNIQUE INDEX "SKOTT"."ASSESSMENT_PK" ON "SKOTT"."ASSESSMENT" ("ID") 
  PCTFREE 10 INITRANS 2 MAXTRANS 255 COMPUTE STATISTICS 
  TABLESPACE "USERS" ;
--------------------------------------------------------
--  DDL for Index CHAT_PK
--------------------------------------------------------

  CREATE UNIQUE INDEX "SKOTT"."CHAT_PK" ON "SKOTT"."CHAT" ("CHATID") 
  PCTFREE 10 INITRANS 2 MAXTRANS 255 COMPUTE STATISTICS 
  TABLESPACE "USERS" ;
--------------------------------------------------------
--  DDL for Index CHATROOM_PK
--------------------------------------------------------

  CREATE UNIQUE INDEX "SKOTT"."CHATROOM_PK" ON "SKOTT"."CHATROOM" ("CONTENTID") 
  PCTFREE 10 INITRANS 2 MAXTRANS 255 COMPUTE STATISTICS 
  TABLESPACE "USERS" ;
--------------------------------------------------------
--  DDL for Index HEIGHT_PK
--------------------------------------------------------

  CREATE UNIQUE INDEX "SKOTT"."HEIGHT_PK" ON "SKOTT"."HEIGHT" ("HEIGHT_ID") 
  PCTFREE 10 INITRANS 2 MAXTRANS 255 COMPUTE STATISTICS 
  STORAGE(INITIAL 65536 NEXT 1048576 MINEXTENTS 1 MAXEXTENTS 2147483645
  PCTINCREASE 0 FREELISTS 1 FREELIST GROUPS 1
  BUFFER_POOL DEFAULT FLASH_CACHE DEFAULT CELL_FLASH_CACHE DEFAULT)
  TABLESPACE "USERS" ;
--------------------------------------------------------
--  DDL for Index HOBBY_PK
--------------------------------------------------------

  CREATE UNIQUE INDEX "SKOTT"."HOBBY_PK" ON "SKOTT"."HOBBY" ("HOBBY_ID") 
  PCTFREE 10 INITRANS 2 MAXTRANS 255 COMPUTE STATISTICS 
  TABLESPACE "USERS" ;
--------------------------------------------------------
--  DDL for Index HOBBYPICTURE_PK
--------------------------------------------------------

  CREATE UNIQUE INDEX "SKOTT"."HOBBYPICTURE_PK" ON "SKOTT"."HOBBYPICTURE" ("ID") 
  PCTFREE 10 INITRANS 2 MAXTRANS 255 COMPUTE STATISTICS 
  TABLESPACE "USERS" ;
--------------------------------------------------------
--  DDL for Index INCOME_PK
--------------------------------------------------------

  CREATE UNIQUE INDEX "SKOTT"."INCOME_PK" ON "SKOTT"."INCOME" ("INCOME_ID") 
  PCTFREE 10 INITRANS 2 MAXTRANS 255 COMPUTE STATISTICS 
  TABLESPACE "USERS" ;
--------------------------------------------------------
--  DDL for Index JOB_PK
--------------------------------------------------------

  CREATE UNIQUE INDEX "SKOTT"."JOB_PK" ON "SKOTT"."JOB" ("JOB_ID") 
  PCTFREE 10 INITRANS 2 MAXTRANS 255 COMPUTE STATISTICS 
  TABLESPACE "USERS" ;
--------------------------------------------------------
--  DDL for Index LISK_PK
--------------------------------------------------------

  CREATE UNIQUE INDEX "SKOTT"."LISK_PK" ON "SKOTT"."LIKES" ("ID") 
  PCTFREE 10 INITRANS 2 MAXTRANS 255 COMPUTE STATISTICS 
  TABLESPACE "USERS" ;
--------------------------------------------------------
--  DDL for Index PICTURE_PK
--------------------------------------------------------

  CREATE UNIQUE INDEX "SKOTT"."PICTURE_PK" ON "SKOTT"."PICTURE" ("ID") 
  PCTFREE 10 INITRANS 2 MAXTRANS 255 COMPUTE STATISTICS 
  STORAGE(INITIAL 65536 NEXT 1048576 MINEXTENTS 1 MAXEXTENTS 2147483645
  PCTINCREASE 0 FREELISTS 1 FREELIST GROUPS 1
  BUFFER_POOL DEFAULT FLASH_CACHE DEFAULT CELL_FLASH_CACHE DEFAULT)
  TABLESPACE "USERS" ;
--------------------------------------------------------
--  DDL for Index PROFILE_PK
--------------------------------------------------------

  CREATE UNIQUE INDEX "SKOTT"."PROFILE_PK" ON "SKOTT"."PROFILE" ("USER_ID") 
  PCTFREE 10 INITRANS 2 MAXTRANS 255 COMPUTE STATISTICS 
  TABLESPACE "USERS" ;
--------------------------------------------------------
--  DDL for Index SYS_C008701
--------------------------------------------------------

  CREATE UNIQUE INDEX "SKOTT"."SYS_C008701" ON "SKOTT"."QUESTION" ("ID") 
  PCTFREE 10 INITRANS 2 MAXTRANS 255 
  STORAGE(INITIAL 65536 NEXT 1048576 MINEXTENTS 1 MAXEXTENTS 2147483645
  PCTINCREASE 0 FREELISTS 1 FREELIST GROUPS 1
  BUFFER_POOL DEFAULT FLASH_CACHE DEFAULT CELL_FLASH_CACHE DEFAULT)
  TABLESPACE "USERS" ;
--------------------------------------------------------
--  DDL for Index RELIGION_PK
--------------------------------------------------------

  CREATE UNIQUE INDEX "SKOTT"."RELIGION_PK" ON "SKOTT"."RELIGION" ("RELIGION_ID") 
  PCTFREE 10 INITRANS 2 MAXTRANS 255 COMPUTE STATISTICS 
  TABLESPACE "USERS" ;
--------------------------------------------------------
--  DDL for Index SPEAKCHAT_PK
--------------------------------------------------------

  CREATE UNIQUE INDEX "SKOTT"."SPEAKCHAT_PK" ON "SKOTT"."SPEAKCHAT" ("ID") 
  PCTFREE 10 INITRANS 2 MAXTRANS 255 COMPUTE STATISTICS 
  STORAGE(INITIAL 65536 NEXT 1048576 MINEXTENTS 1 MAXEXTENTS 2147483645
  PCTINCREASE 0 FREELISTS 1 FREELIST GROUPS 1
  BUFFER_POOL DEFAULT FLASH_CACHE DEFAULT CELL_FLASH_CACHE DEFAULT)
  TABLESPACE "USERS" ;
--------------------------------------------------------
--  DDL for Index SPEAKROOM_PK
--------------------------------------------------------

  CREATE UNIQUE INDEX "SKOTT"."SPEAKROOM_PK" ON "SKOTT"."SPEAKROOM" ("ROOMID") 
  PCTFREE 10 INITRANS 2 MAXTRANS 255 COMPUTE STATISTICS 
  STORAGE(INITIAL 65536 NEXT 1048576 MINEXTENTS 1 MAXEXTENTS 2147483645
  PCTINCREASE 0 FREELISTS 1 FREELIST GROUPS 1
  BUFFER_POOL DEFAULT FLASH_CACHE DEFAULT CELL_FLASH_CACHE DEFAULT)
  TABLESPACE "USERS" ;
--------------------------------------------------------
--  DDL for Index USER_ASSESSMENT_PK
--------------------------------------------------------

  CREATE UNIQUE INDEX "SKOTT"."USER_ASSESSMENT_PK" ON "SKOTT"."USER_ASSESSMENT" ("ID") 
  PCTFREE 10 INITRANS 2 MAXTRANS 255 COMPUTE STATISTICS 
  TABLESPACE "USERS" ;
--------------------------------------------------------
--  DDL for Index USER_HOBBY_PK
--------------------------------------------------------

  CREATE UNIQUE INDEX "SKOTT"."USER_HOBBY_PK" ON "SKOTT"."USER_HOBBY" ("ID") 
  PCTFREE 10 INITRANS 2 MAXTRANS 255 COMPUTE STATISTICS 
  TABLESPACE "USERS" ;
--------------------------------------------------------
--  DDL for Index USERINFO_PK
--------------------------------------------------------

  CREATE UNIQUE INDEX "SKOTT"."USERINFO_PK" ON "SKOTT"."USERINFO" ("ID") 
  PCTFREE 10 INITRANS 2 MAXTRANS 255 COMPUTE STATISTICS 
  STORAGE(INITIAL 65536 NEXT 1048576 MINEXTENTS 1 MAXEXTENTS 2147483645
  PCTINCREASE 0 FREELISTS 1 FREELIST GROUPS 1
  BUFFER_POOL DEFAULT FLASH_CACHE DEFAULT CELL_FLASH_CACHE DEFAULT)
  TABLESPACE "USERS" ;
--------------------------------------------------------
--  DDL for Trigger ACADEMIC_TRG
--------------------------------------------------------

  CREATE OR REPLACE NONEDITIONABLE TRIGGER "SKOTT"."ACADEMIC_TRG" 
BEFORE INSERT ON ACADEMIC 
FOR EACH ROW 
BEGIN
  <<COLUMN_SEQUENCES>>
  BEGIN
    NULL;
  END COLUMN_SEQUENCES;
END;
/
ALTER TRIGGER "SKOTT"."ACADEMIC_TRG" ENABLE;
--------------------------------------------------------
--  DDL for Trigger ACADEMIC_TRG1
--------------------------------------------------------

  CREATE OR REPLACE NONEDITIONABLE TRIGGER "SKOTT"."ACADEMIC_TRG1" 
BEFORE INSERT ON ACADEMIC 
FOR EACH ROW 
BEGIN
  <<COLUMN_SEQUENCES>>
  BEGIN
    IF INSERTING AND :NEW.ACADEMIC_ID IS NULL THEN
      SELECT ACADEMIC_SEQ2.NEXTVAL INTO :NEW.ACADEMIC_ID FROM SYS.DUAL;
    END IF;
  END COLUMN_SEQUENCES;
END;
/
ALTER TRIGGER "SKOTT"."ACADEMIC_TRG1" ENABLE;
--------------------------------------------------------
--  DDL for Trigger AGE_TRG
--------------------------------------------------------

  CREATE OR REPLACE NONEDITIONABLE TRIGGER "SKOTT"."AGE_TRG" 
BEFORE INSERT ON AGE 
FOR EACH ROW 
BEGIN
  <<COLUMN_SEQUENCES>>
  BEGIN
    NULL;
  END COLUMN_SEQUENCES;
END;

/
ALTER TRIGGER "SKOTT"."AGE_TRG" ENABLE;
--------------------------------------------------------
--  DDL for Trigger AGE_TRG1
--------------------------------------------------------

  CREATE OR REPLACE NONEDITIONABLE TRIGGER "SKOTT"."AGE_TRG1" 
BEFORE INSERT ON AGE 
FOR EACH ROW 
BEGIN
  <<COLUMN_SEQUENCES>>
  BEGIN
    NULL;
  END COLUMN_SEQUENCES;
END;
/
ALTER TRIGGER "SKOTT"."AGE_TRG1" ENABLE;
--------------------------------------------------------
--  DDL for Trigger CHAT_TRG
--------------------------------------------------------

  CREATE OR REPLACE NONEDITIONABLE TRIGGER "SKOTT"."CHAT_TRG" 
BEFORE INSERT ON CHAT 
FOR EACH ROW 
BEGIN
  <<COLUMN_SEQUENCES>>
  BEGIN
    IF INSERTING AND :NEW.CHATID IS NULL THEN
      SELECT CHAT_SEQ.NEXTVAL INTO :NEW.CHATID FROM SYS.DUAL;
    END IF;
  END COLUMN_SEQUENCES;
END;

/
ALTER TRIGGER "SKOTT"."CHAT_TRG" ENABLE;
--------------------------------------------------------
--  DDL for Trigger CHATROOM_TRG
--------------------------------------------------------

  CREATE OR REPLACE NONEDITIONABLE TRIGGER "SKOTT"."CHATROOM_TRG" 
BEFORE INSERT ON CHATROOM 
FOR EACH ROW 
BEGIN
  <<COLUMN_SEQUENCES>>
  BEGIN
    NULL;
  END COLUMN_SEQUENCES;
END;

/
ALTER TRIGGER "SKOTT"."CHATROOM_TRG" ENABLE;
--------------------------------------------------------
--  DDL for Trigger CHATROOM_TRG1
--------------------------------------------------------

  CREATE OR REPLACE NONEDITIONABLE TRIGGER "SKOTT"."CHATROOM_TRG1" 
BEFORE INSERT ON CHATROOM 
FOR EACH ROW 
BEGIN
  <<COLUMN_SEQUENCES>>
  BEGIN
    IF INSERTING AND :NEW.CONTENTID IS NULL THEN
      SELECT CHATROOM_SEQ.NEXTVAL INTO :NEW.CONTENTID FROM SYS.DUAL;
    END IF;
  END COLUMN_SEQUENCES;
END;
/
ALTER TRIGGER "SKOTT"."CHATROOM_TRG1" ENABLE;
--------------------------------------------------------
--  DDL for Trigger HEIGHT_TRG
--------------------------------------------------------

  CREATE OR REPLACE NONEDITIONABLE TRIGGER "SKOTT"."HEIGHT_TRG" 
BEFORE INSERT ON HEIGHT 
FOR EACH ROW 
BEGIN
  <<COLUMN_SEQUENCES>>
  BEGIN
    NULL;
  END COLUMN_SEQUENCES;
END;

/
ALTER TRIGGER "SKOTT"."HEIGHT_TRG" ENABLE;
--------------------------------------------------------
--  DDL for Trigger HOBBY_TRG
--------------------------------------------------------

  CREATE OR REPLACE NONEDITIONABLE TRIGGER "SKOTT"."HOBBY_TRG" 
BEFORE INSERT ON HOBBY 
FOR EACH ROW 
BEGIN
  <<COLUMN_SEQUENCES>>
  BEGIN
    IF INSERTING AND :NEW.HOBBY_ID IS NULL THEN
      SELECT HOBBY_SEQ.NEXTVAL INTO :NEW.HOBBY_ID FROM SYS.DUAL;
    END IF;
  END COLUMN_SEQUENCES;
END;
/
ALTER TRIGGER "SKOTT"."HOBBY_TRG" ENABLE;
--------------------------------------------------------
--  DDL for Trigger INCOME_TRG
--------------------------------------------------------

  CREATE OR REPLACE NONEDITIONABLE TRIGGER "SKOTT"."INCOME_TRG" 
BEFORE INSERT ON INCOME 
FOR EACH ROW 
BEGIN
  <<COLUMN_SEQUENCES>>
  BEGIN
    NULL;
  END COLUMN_SEQUENCES;
END;
/
ALTER TRIGGER "SKOTT"."INCOME_TRG" ENABLE;
--------------------------------------------------------
--  DDL for Trigger INCOME_TRG1
--------------------------------------------------------

  CREATE OR REPLACE NONEDITIONABLE TRIGGER "SKOTT"."INCOME_TRG1" 
BEFORE INSERT ON INCOME 
FOR EACH ROW 
BEGIN
  <<COLUMN_SEQUENCES>>
  BEGIN
    IF INSERTING AND :NEW.INCOME_ID IS NULL THEN
      SELECT INCOME_SEQ2.NEXTVAL INTO :NEW.INCOME_ID FROM SYS.DUAL;
    END IF;
  END COLUMN_SEQUENCES;
END;
/
ALTER TRIGGER "SKOTT"."INCOME_TRG1" ENABLE;
--------------------------------------------------------
--  DDL for Trigger JOB_TRG
--------------------------------------------------------

  CREATE OR REPLACE NONEDITIONABLE TRIGGER "SKOTT"."JOB_TRG" 
BEFORE INSERT ON JOB 
FOR EACH ROW 
BEGIN
  <<COLUMN_SEQUENCES>>
  BEGIN
    IF INSERTING AND :NEW.JOB_ID IS NULL THEN
      SELECT JOB_SEQ.NEXTVAL INTO :NEW.JOB_ID FROM SYS.DUAL;
    END IF;
  END COLUMN_SEQUENCES;
END;

/
ALTER TRIGGER "SKOTT"."JOB_TRG" ENABLE;
--------------------------------------------------------
--  DDL for Trigger LISK_TRG
--------------------------------------------------------

  CREATE OR REPLACE NONEDITIONABLE TRIGGER "SKOTT"."LISK_TRG" 
BEFORE INSERT ON "LIKES" 
FOR EACH ROW 
BEGIN
  <<COLUMN_SEQUENCES>>
  BEGIN
    NULL;
  END COLUMN_SEQUENCES;
END;
/
ALTER TRIGGER "SKOTT"."LISK_TRG" ENABLE;
--------------------------------------------------------
--  DDL for Trigger LIKES_TRG
--------------------------------------------------------

  CREATE OR REPLACE NONEDITIONABLE TRIGGER "SKOTT"."LIKES_TRG" 
BEFORE INSERT ON LIKES 
FOR EACH ROW 
BEGIN
  <<COLUMN_SEQUENCES>>
  BEGIN
    IF INSERTING AND :NEW.ID IS NULL THEN
      SELECT LIKES_SEQ3.NEXTVAL INTO :NEW.ID FROM SYS.DUAL;
    END IF;
  END COLUMN_SEQUENCES;
END;
/
ALTER TRIGGER "SKOTT"."LIKES_TRG" ENABLE;
--------------------------------------------------------
--  DDL for Trigger PROFILE_TRG
--------------------------------------------------------

  CREATE OR REPLACE NONEDITIONABLE TRIGGER "SKOTT"."PROFILE_TRG" 
BEFORE INSERT ON PROFILE 
FOR EACH ROW 
BEGIN
  <<COLUMN_SEQUENCES>>
  BEGIN
    NULL;
  END COLUMN_SEQUENCES;
END;

/
ALTER TRIGGER "SKOTT"."PROFILE_TRG" ENABLE;
--------------------------------------------------------
--  DDL for Trigger QUESTION_TRG
--------------------------------------------------------

  CREATE OR REPLACE NONEDITIONABLE TRIGGER "SKOTT"."QUESTION_TRG" 
BEFORE INSERT ON QUESTION 
FOR EACH ROW 
BEGIN
  <<COLUMN_SEQUENCES>>
  BEGIN
    NULL;
  END COLUMN_SEQUENCES;
END;
/
ALTER TRIGGER "SKOTT"."QUESTION_TRG" ENABLE;
--------------------------------------------------------
--  DDL for Trigger RELIGION_TRG
--------------------------------------------------------

  CREATE OR REPLACE NONEDITIONABLE TRIGGER "SKOTT"."RELIGION_TRG" 
BEFORE INSERT ON RELIGION 
FOR EACH ROW 
BEGIN
  <<COLUMN_SEQUENCES>>
  BEGIN
    IF INSERTING AND :NEW.RELIGION_ID IS NULL THEN
      SELECT RELIGION_SEQ.NEXTVAL INTO :NEW.RELIGION_ID FROM SYS.DUAL;
    END IF;
  END COLUMN_SEQUENCES;
END;

/
ALTER TRIGGER "SKOTT"."RELIGION_TRG" ENABLE;
--------------------------------------------------------
--  DDL for Trigger SPEAKCHAT_TRG
--------------------------------------------------------

  CREATE OR REPLACE NONEDITIONABLE TRIGGER "SKOTT"."SPEAKCHAT_TRG" 
BEFORE INSERT ON SPEAKCHAT 
FOR EACH ROW 
BEGIN
  <<COLUMN_SEQUENCES>>
  BEGIN
    NULL;
  END COLUMN_SEQUENCES;
END;
/
ALTER TRIGGER "SKOTT"."SPEAKCHAT_TRG" ENABLE;
--------------------------------------------------------
--  DDL for Trigger SPEAKROOM_TRG
--------------------------------------------------------

  CREATE OR REPLACE NONEDITIONABLE TRIGGER "SKOTT"."SPEAKROOM_TRG" 
BEFORE INSERT ON SPEAKROOM 
FOR EACH ROW 
BEGIN
  <<COLUMN_SEQUENCES>>
  BEGIN
    NULL;
  END COLUMN_SEQUENCES;
END;
/
ALTER TRIGGER "SKOTT"."SPEAKROOM_TRG" ENABLE;
--------------------------------------------------------
--  DDL for Trigger USER_ASSESSMENT_TRG
--------------------------------------------------------

  CREATE OR REPLACE NONEDITIONABLE TRIGGER "SKOTT"."USER_ASSESSMENT_TRG" 
BEFORE INSERT ON USER_ASSESSMENT 
FOR EACH ROW 
BEGIN
  <<COLUMN_SEQUENCES>>
  BEGIN
    IF INSERTING AND :NEW.ID IS NULL THEN
      SELECT USER_ASSESSMENT_SEQ.NEXTVAL INTO :NEW.ID FROM SYS.DUAL;
    END IF;
  END COLUMN_SEQUENCES;
END;
/
ALTER TRIGGER "SKOTT"."USER_ASSESSMENT_TRG" ENABLE;
--------------------------------------------------------
--  DDL for Trigger USER_HOBBY_TRG
--------------------------------------------------------

  CREATE OR REPLACE NONEDITIONABLE TRIGGER "SKOTT"."USER_HOBBY_TRG" 
BEFORE INSERT ON USER_HOBBY 
FOR EACH ROW 
BEGIN
  <<COLUMN_SEQUENCES>>
  BEGIN
    IF INSERTING AND :NEW.ID IS NULL THEN
      SELECT USER_HOBBY_SEQ.NEXTVAL INTO :NEW.ID FROM SYS.DUAL;
    END IF;
  END COLUMN_SEQUENCES;
END;

/
ALTER TRIGGER "SKOTT"."USER_HOBBY_TRG" ENABLE;
--------------------------------------------------------
--  DDL for Trigger USERINFO_TRG
--------------------------------------------------------

  CREATE OR REPLACE NONEDITIONABLE TRIGGER "SKOTT"."USERINFO_TRG" 
BEFORE INSERT ON USERINFO 
FOR EACH ROW 
BEGIN
  <<COLUMN_SEQUENCES>>
  BEGIN
    NULL;
  END COLUMN_SEQUENCES;
END;
/
ALTER TRIGGER "SKOTT"."USERINFO_TRG" ENABLE;
--------------------------------------------------------
--  Constraints for Table ACADEMIC
--------------------------------------------------------

  ALTER TABLE "SKOTT"."ACADEMIC" MODIFY ("ACADEMIC_ID" NOT NULL ENABLE);
  ALTER TABLE "SKOTT"."ACADEMIC" MODIFY ("ACADEMIC_NAME" NOT NULL ENABLE);
  ALTER TABLE "SKOTT"."ACADEMIC" ADD CONSTRAINT "ACADEMIC_PK" PRIMARY KEY ("ACADEMIC_ID")
  USING INDEX "SKOTT"."ACADEMIC_PK"  ENABLE;
--------------------------------------------------------
--  Constraints for Table AGE
--------------------------------------------------------

  ALTER TABLE "SKOTT"."AGE" MODIFY ("AGE_ID" NOT NULL ENABLE);
  ALTER TABLE "SKOTT"."AGE" ADD CONSTRAINT "AGE_PK" PRIMARY KEY ("AGE_ID")
  USING INDEX "SKOTT"."AGE_PK"  ENABLE;
--------------------------------------------------------
--  Constraints for Table ASSESSMENT
--------------------------------------------------------

  ALTER TABLE "SKOTT"."ASSESSMENT" MODIFY ("ID" NOT NULL ENABLE);
  ALTER TABLE "SKOTT"."ASSESSMENT" ADD CONSTRAINT "ASSESSMENT_PK" PRIMARY KEY ("ID")
  USING INDEX "SKOTT"."ASSESSMENT_PK"  ENABLE;
--------------------------------------------------------
--  Constraints for Table CHAT
--------------------------------------------------------

  ALTER TABLE "SKOTT"."CHAT" MODIFY ("CHATID" NOT NULL ENABLE);
  ALTER TABLE "SKOTT"."CHAT" MODIFY ("CONVERSATION" NOT NULL ENABLE);
  ALTER TABLE "SKOTT"."CHAT" ADD CONSTRAINT "CHAT_PK" PRIMARY KEY ("CHATID")
  USING INDEX "SKOTT"."CHAT_PK"  ENABLE;
--------------------------------------------------------
--  Constraints for Table CHATROOM
--------------------------------------------------------

  ALTER TABLE "SKOTT"."CHATROOM" MODIFY ("CONTENTID" NOT NULL ENABLE);
  ALTER TABLE "SKOTT"."CHATROOM" ADD CONSTRAINT "CHATROOM_PK" PRIMARY KEY ("CONTENTID")
  USING INDEX "SKOTT"."CHATROOM_PK"  ENABLE;
--------------------------------------------------------
--  Constraints for Table HEIGHT
--------------------------------------------------------

  ALTER TABLE "SKOTT"."HEIGHT" MODIFY ("HEIGHT_ID" NOT NULL ENABLE);
  ALTER TABLE "SKOTT"."HEIGHT" ADD CONSTRAINT "HEIGHT_PK" PRIMARY KEY ("HEIGHT_ID")
  USING INDEX "SKOTT"."HEIGHT_PK"  ENABLE;
--------------------------------------------------------
--  Constraints for Table HOBBY
--------------------------------------------------------

  ALTER TABLE "SKOTT"."HOBBY" MODIFY ("HOBBY_NAME" NOT NULL ENABLE);
  ALTER TABLE "SKOTT"."HOBBY" ADD CONSTRAINT "HOBBY_PK" PRIMARY KEY ("HOBBY_ID")
  USING INDEX "SKOTT"."HOBBY_PK"  ENABLE;
  ALTER TABLE "SKOTT"."HOBBY" MODIFY ("HOBBY_ID" NOT NULL ENABLE);
  ALTER TABLE "SKOTT"."HOBBY" MODIFY ("CONTENT" NOT NULL ENABLE);
--------------------------------------------------------
--  Constraints for Table HOBBYPICTURE
--------------------------------------------------------

  ALTER TABLE "SKOTT"."HOBBYPICTURE" MODIFY ("ID" NOT NULL ENABLE);
  ALTER TABLE "SKOTT"."HOBBYPICTURE" ADD CONSTRAINT "HOBBYPICTURE_PK" PRIMARY KEY ("ID")
  USING INDEX "SKOTT"."HOBBYPICTURE_PK"  ENABLE;
--------------------------------------------------------
--  Constraints for Table INCOME
--------------------------------------------------------

  ALTER TABLE "SKOTT"."INCOME" MODIFY ("INCOME_ID" NOT NULL ENABLE);
  ALTER TABLE "SKOTT"."INCOME" MODIFY ("INCOME" NOT NULL ENABLE);
  ALTER TABLE "SKOTT"."INCOME" ADD CONSTRAINT "INCOME_PK" PRIMARY KEY ("INCOME_ID")
  USING INDEX "SKOTT"."INCOME_PK"  ENABLE;
--------------------------------------------------------
--  Constraints for Table JOB
--------------------------------------------------------

  ALTER TABLE "SKOTT"."JOB" MODIFY ("JOB_ID" NOT NULL ENABLE);
  ALTER TABLE "SKOTT"."JOB" MODIFY ("JOB_NAME" NOT NULL ENABLE);
  ALTER TABLE "SKOTT"."JOB" ADD CONSTRAINT "JOB_PK" PRIMARY KEY ("JOB_ID")
  USING INDEX "SKOTT"."JOB_PK"  ENABLE;
--------------------------------------------------------
--  Constraints for Table LIKES
--------------------------------------------------------

  ALTER TABLE "SKOTT"."LIKES" MODIFY ("SENDER" NOT NULL ENABLE);
  ALTER TABLE "SKOTT"."LIKES" MODIFY ("ID" NOT NULL ENABLE);
  ALTER TABLE "SKOTT"."LIKES" ADD CONSTRAINT "LISK_PK" PRIMARY KEY ("ID")
  USING INDEX "SKOTT"."LISK_PK"  ENABLE;
  ALTER TABLE "SKOTT"."LIKES" ADD CONSTRAINT "WT_WHETHER_CK" CHECK (WHETHER BETWEEN 0 AND 1) ENABLE;
--------------------------------------------------------
--  Constraints for Table PICTURE
--------------------------------------------------------

  ALTER TABLE "SKOTT"."PICTURE" MODIFY ("ID" NOT NULL ENABLE);
  ALTER TABLE "SKOTT"."PICTURE" ADD CONSTRAINT "PICTURE_PK" PRIMARY KEY ("ID")
  USING INDEX "SKOTT"."PICTURE_PK"  ENABLE;
--------------------------------------------------------
--  Constraints for Table PROFILE
--------------------------------------------------------

  ALTER TABLE "SKOTT"."PROFILE" MODIFY ("USER_ID" NOT NULL ENABLE);
  ALTER TABLE "SKOTT"."PROFILE" MODIFY ("USER_PERSONALITY" NOT NULL ENABLE);
  ALTER TABLE "SKOTT"."PROFILE" MODIFY ("USER_DRINKS" NOT NULL ENABLE);
  ALTER TABLE "SKOTT"."PROFILE" MODIFY ("USER_SMOKER" NOT NULL ENABLE);
  ALTER TABLE "SKOTT"."PROFILE" ADD CONSTRAINT "PROFILE_PK" PRIMARY KEY ("USER_ID")
  USING INDEX "SKOTT"."PROFILE_PK"  ENABLE;
--------------------------------------------------------
--  Constraints for Table QUESTION
--------------------------------------------------------

  ALTER TABLE "SKOTT"."QUESTION" ADD PRIMARY KEY ("ID")
  USING INDEX PCTFREE 10 INITRANS 2 MAXTRANS 255 
  STORAGE(INITIAL 65536 NEXT 1048576 MINEXTENTS 1 MAXEXTENTS 2147483645
  PCTINCREASE 0 FREELISTS 1 FREELIST GROUPS 1
  BUFFER_POOL DEFAULT FLASH_CACHE DEFAULT CELL_FLASH_CACHE DEFAULT)
  TABLESPACE "USERS"  ENABLE;
  ALTER TABLE "SKOTT"."QUESTION" MODIFY ("USERID" NOT NULL ENABLE);
  ALTER TABLE "SKOTT"."QUESTION" MODIFY ("USERNICKNAME" NOT NULL ENABLE);
  ALTER TABLE "SKOTT"."QUESTION" MODIFY ("USEREMAIL" NOT NULL ENABLE);
  ALTER TABLE "SKOTT"."QUESTION" MODIFY ("QUESTIONOPTION" NOT NULL ENABLE);
--------------------------------------------------------
--  Constraints for Table RELIGION
--------------------------------------------------------

  ALTER TABLE "SKOTT"."RELIGION" MODIFY ("RELIGION_ID" NOT NULL ENABLE);
  ALTER TABLE "SKOTT"."RELIGION" MODIFY ("RELIGION_NAME" NOT NULL ENABLE);
  ALTER TABLE "SKOTT"."RELIGION" ADD CONSTRAINT "RELIGION_PK" PRIMARY KEY ("RELIGION_ID")
  USING INDEX "SKOTT"."RELIGION_PK"  ENABLE;
--------------------------------------------------------
--  Constraints for Table SPEAKCHAT
--------------------------------------------------------

  ALTER TABLE "SKOTT"."SPEAKCHAT" MODIFY ("ID" NOT NULL ENABLE);
  ALTER TABLE "SKOTT"."SPEAKCHAT" ADD CONSTRAINT "SPEAKCHAT_PK" PRIMARY KEY ("ID")
  USING INDEX "SKOTT"."SPEAKCHAT_PK"  ENABLE;
  ALTER TABLE "SKOTT"."SPEAKCHAT" ADD CONSTRAINT "SC_REPORT_CK" CHECK (REPORT BETWEEN 0 AND 1000) ENABLE;
  ALTER TABLE "SKOTT"."SPEAKCHAT" MODIFY ("REPORTER" NOT NULL ENABLE);
  ALTER TABLE "SKOTT"."SPEAKCHAT" MODIFY ("RESPONDENT" NOT NULL ENABLE);
--------------------------------------------------------
--  Constraints for Table SPEAKROOM
--------------------------------------------------------

  ALTER TABLE "SKOTT"."SPEAKROOM" MODIFY ("ROOMID" NOT NULL ENABLE);
  ALTER TABLE "SKOTT"."SPEAKROOM" ADD CONSTRAINT "SPEAKROOM_PK" PRIMARY KEY ("ROOMID")
  USING INDEX "SKOTT"."SPEAKROOM_PK"  ENABLE;
--------------------------------------------------------
--  Constraints for Table USER_ASSESSMENT
--------------------------------------------------------

  ALTER TABLE "SKOTT"."USER_ASSESSMENT" MODIFY ("ID" NOT NULL ENABLE);
  ALTER TABLE "SKOTT"."USER_ASSESSMENT" ADD CONSTRAINT "USER_ASSESSMENT_PK" PRIMARY KEY ("ID")
  USING INDEX "SKOTT"."USER_ASSESSMENT_PK"  ENABLE;
--------------------------------------------------------
--  Constraints for Table USER_HOBBY
--------------------------------------------------------

  ALTER TABLE "SKOTT"."USER_HOBBY" MODIFY ("ID" NOT NULL ENABLE);
  ALTER TABLE "SKOTT"."USER_HOBBY" ADD CONSTRAINT "USER_HOBBY_PK" PRIMARY KEY ("ID")
  USING INDEX "SKOTT"."USER_HOBBY_PK"  ENABLE;
--------------------------------------------------------
--  Constraints for Table USERINFO
--------------------------------------------------------

  ALTER TABLE "SKOTT"."USERINFO" MODIFY ("ID" NOT NULL ENABLE);
  ALTER TABLE "SKOTT"."USERINFO" MODIFY ("NAME" NOT NULL ENABLE);
  ALTER TABLE "SKOTT"."USERINFO" MODIFY ("PASSWORD" NOT NULL ENABLE);
  ALTER TABLE "SKOTT"."USERINFO" MODIFY ("EMAIL" NOT NULL ENABLE);
  ALTER TABLE "SKOTT"."USERINFO" MODIFY ("SEX" NOT NULL ENABLE);
  ALTER TABLE "SKOTT"."USERINFO" ADD CONSTRAINT "UI_ROLE_CK" CHECK (ROLE BETWEEN 0 AND 10) ENABLE;
  ALTER TABLE "SKOTT"."USERINFO" MODIFY ("PHONE" NOT NULL ENABLE);
  ALTER TABLE "SKOTT"."USERINFO" MODIFY ("NICKNAME" NOT NULL ENABLE);
  ALTER TABLE "SKOTT"."USERINFO" MODIFY ("ADDRESS" NOT NULL ENABLE);
  ALTER TABLE "SKOTT"."USERINFO" MODIFY ("BIRTHDAY" NOT NULL ENABLE);
  ALTER TABLE "SKOTT"."USERINFO" ADD CONSTRAINT "USERINFO_PK" PRIMARY KEY ("ID")
  USING INDEX "SKOTT"."USERINFO_PK"  ENABLE;
--------------------------------------------------------
--  Ref Constraints for Table ASSESSMENT
--------------------------------------------------------

  ALTER TABLE "SKOTT"."ASSESSMENT" ADD CONSTRAINT "FK_ID" FOREIGN KEY ("ID")
	  REFERENCES "SKOTT"."USERINFO" ("ID") ENABLE;
--------------------------------------------------------
--  Ref Constraints for Table CHAT
--------------------------------------------------------

  ALTER TABLE "SKOTT"."CHAT" ADD CONSTRAINT "FK_CONTENTID" FOREIGN KEY ("CONTENTID")
	  REFERENCES "SKOTT"."CHATROOM" ("CONTENTID") ENABLE;
--------------------------------------------------------
--  Ref Constraints for Table CHATROOM
--------------------------------------------------------

  ALTER TABLE "SKOTT"."CHATROOM" ADD CONSTRAINT "FK_MALEID" FOREIGN KEY ("MALEID")
	  REFERENCES "SKOTT"."USERINFO" ("ID") ENABLE;
  ALTER TABLE "SKOTT"."CHATROOM" ADD CONSTRAINT "FK_FEMALEID" FOREIGN KEY ("FEMALEID")
	  REFERENCES "SKOTT"."USERINFO" ("ID") ENABLE;
--------------------------------------------------------
--  Ref Constraints for Table HOBBYPICTURE
--------------------------------------------------------

  ALTER TABLE "SKOTT"."HOBBYPICTURE" ADD CONSTRAINT "FK3_ID" FOREIGN KEY ("ID")
	  REFERENCES "SKOTT"."PROFILE" ("USER_ID") ENABLE;
--------------------------------------------------------
--  Ref Constraints for Table PICTURE
--------------------------------------------------------

  ALTER TABLE "SKOTT"."PICTURE" ADD CONSTRAINT "FK2_ID" FOREIGN KEY ("ID")
	  REFERENCES "SKOTT"."PROFILE" ("USER_ID") ENABLE;
--------------------------------------------------------
--  Ref Constraints for Table PROFILE
--------------------------------------------------------

  ALTER TABLE "SKOTT"."PROFILE" ADD CONSTRAINT "FK1_ID" FOREIGN KEY ("USER_ID")
	  REFERENCES "SKOTT"."USERINFO" ("ID") ENABLE;
  ALTER TABLE "SKOTT"."PROFILE" ADD CONSTRAINT "FK_ACADEMICID" FOREIGN KEY ("USER_ACADEMIC")
	  REFERENCES "SKOTT"."ACADEMIC" ("ACADEMIC_ID") ENABLE;
  ALTER TABLE "SKOTT"."PROFILE" ADD CONSTRAINT "FK_USERINCOME" FOREIGN KEY ("USER_INCOME")
	  REFERENCES "SKOTT"."INCOME" ("INCOME_ID") ENABLE;
  ALTER TABLE "SKOTT"."PROFILE" ADD CONSTRAINT "FK_USERJOB" FOREIGN KEY ("USER_JOB")
	  REFERENCES "SKOTT"."JOB" ("JOB_ID") ENABLE;
  ALTER TABLE "SKOTT"."PROFILE" ADD CONSTRAINT "FK_USERRELIGION" FOREIGN KEY ("USER_RELIGION")
	  REFERENCES "SKOTT"."RELIGION" ("RELIGION_ID") ENABLE;
--------------------------------------------------------
--  Ref Constraints for Table QUESTION
--------------------------------------------------------

  ALTER TABLE "SKOTT"."QUESTION" ADD FOREIGN KEY ("USERID")
	  REFERENCES "SKOTT"."USERINFO" ("ID") ENABLE;
--------------------------------------------------------
--  Ref Constraints for Table SPEAKCHAT
--------------------------------------------------------

  ALTER TABLE "SKOTT"."SPEAKCHAT" ADD CONSTRAINT "FK_ROOMID" FOREIGN KEY ("ROOMID")
	  REFERENCES "SKOTT"."SPEAKROOM" ("ROOMID") ENABLE;
--------------------------------------------------------
--  Ref Constraints for Table SPEAKROOM
--------------------------------------------------------

  ALTER TABLE "SKOTT"."SPEAKROOM" ADD CONSTRAINT "FK_SPEAKMEMBER1" FOREIGN KEY ("SPEAKMEMBER1")
	  REFERENCES "SKOTT"."USERINFO" ("ID") ENABLE;
  ALTER TABLE "SKOTT"."SPEAKROOM" ADD CONSTRAINT "FK_SPEAKMEMBER2" FOREIGN KEY ("SPEAKMEMBER2")
	  REFERENCES "SKOTT"."USERINFO" ("ID") ENABLE;
--------------------------------------------------------
--  Ref Constraints for Table USER_HOBBY
--------------------------------------------------------

  ALTER TABLE "SKOTT"."USER_HOBBY" ADD CONSTRAINT "FK_USERHOBBYID" FOREIGN KEY ("HOBBY_ID")
	  REFERENCES "SKOTT"."HOBBY" ("HOBBY_ID") ENABLE;
